{
  "course": {
    "beginner": {
      "definition_of_makhraj": "Makhraj refers to the specific place or point in the vocal tract from which a letter is articulated. Every Arabic letter originates from a distinct point in the mouth, throat, or nasal cavity. Proper pronunciation of each letter depends on identifying and using its correct Makhraj.",
      "definition_of_makharij_al_huruf": "Makharij al-Huruf (مخارج الحروف) means 'articulation points of the letters'. In Tajweed, this refers to the precise locations from which each Arabic letter emerges. Recognizing these points is essential for accurate recitation and to avoid confusing similar-sounding letters.",
      "types_of_makharij": "There are five main areas in the vocal system used to articulate letters: (1) Al-Jawf (empty space of mouth/throat), (2) Al-Halq (throat), (3) Al-Lisan (tongue), (4) Ash-Shafatan (lips), and (5) Al-Khaishoom (nasal passage). These are subdivided into 17 articulation points which cover all 29 Arabic letters."
    },
    "intermediate": {
      "how_to_determine_makhraj": "To determine the Makhraj of a letter, one can use the technique of bringing a Sukoon or Shaddah on the letter and then pronouncing it with a Hamzah before it. The point where the sound originates clearly is its Makhraj. For example, saying 'أبْ' will help identify the Makhraj of ب.",
      "why_learning_makharij_matters": "Incorrect Makharij can change the meaning of Quranic words. For example, confusing ق (Qaaf) and ك (Kaaf) can result in major errors. Mastering Makharij ensures one fulfills the obligation of reciting the Quran with correctness and beauty.",
      "makhraj_vs_sifaat": "Makhraj determines *where* the sound is produced, while Sifaat describes *how* it is produced. For example, the letter د (Daal) shares a Makhraj with other letters but has unique characteristics (like Qalqalah) that distinguish it.",
      "examples": [
        "Say 'أبْ' to hear the origin of ب (b).",
        "Say 'أتْ' to determine the Makhraj of ت (t).",
        "Say 'أخْ' to identify the throat-based letter خ (kh)."
      ]
    },
    "advanced": {
      "best_way_to_master_pronunciation": "Mastery in pronunciation begins with consistent practice under the guidance of a qualified teacher. Students should record and compare their recitation to skilled Qaris, focus on subtle articulation differences, and continuously seek correction.",
      "phonetic_nuances": {
        "description": "Detailed comparison between similar sounding letters and the impact of articulation precision.",
        "examples": [
          "ص (Saad) vs س (Seen): ص has a deeper, heavier sound due to its origin in the mouth's upper back.",
          "ض (Dhaad) vs د (Daal): Mispronouncing ض as د changes meanings completely in words like 'ad-dhaalimeen'."
        ]
      },
      "tajweed_integration": {
        "description": "How Makharij works in conjunction with Tajweed rules like Ikhfa, Idgham, and Qalqalah.",
        "notes": [
          "Makharij must be preserved when applying Ikhfa; e.g., Noon Sakinah before ت should remain partially nasal but maintain its origin.",
          "In Qalqalah, articulation occurs from the correct exit point with a bouncing sound."
        ]
      },
      "common_mistakes": {
        "description": "Typical errors made due to native language influence or lack of training.",
        "mistakes": [
          "Urdu speakers pronouncing ط as ت or ظ as ز.",
          "Inconsistent throat pressure in letters like ع and ح.",
          "Swapping ر and غ sounds due to lack of throat control."
        ]
      },
      "refinement_techniques": {
        "description": "Practical exercises to improve articulation precision and vocal control.",
        "tips": [
          "Repeat heavy letters like ق and ط slowly and with emphasis.",
          "Practice short verses that contain multiple Makharij shifts, e.g., Surah Al-Ikhlas.",
          "Use a mirror to observe mouth and tongue placement during recitation."
        ]
      }
    },
    "conclusion": "Understanding and mastering Makharij al-Huruf is foundational to Tajweed. It preserves the integrity of the Quranic message and honors the divine words. With dedication and proper guidance, learners can reach precision in recitation and experience the spiritual elevation that comes with it."
  }
}